,accountsPayable,capitalSurplus,commonStock,currentAssets,currentCash,currentLongTermDebt,goodwill,intangibleAssets,inventory,longTermDebt,longTermInvestments,minorityInterest,netTangibleAssets,otherAssets,otherCurrentAssets,otherCurrentLiabilities,otherLiabilities,propertyPlantEquipment,receivables,retainedEarnings,shareholderEquity,shortTermInvestments,symbol,totalAssets,totalCurrentLiabilities,totalLiabilities,treasuryStock
2019-06-30,9382000000.0,,78520000000,175552000000.0,11356000000,5516000000,42026000000.0,7750000000.0,2063000000,72850000000.0,2649000000.0,0.0,60304000000.0,14723000000.0,10146000000.0,48857000000.0,41723000000,43856000000.0,29524000000.0,24150000000.0,102330000000.0,122463000000,MSFT,286556000000.0,69420000000.0,184226000000.0,
2019-06-30,3925000000.0,47936305950,694050,147437000000.0,16587000000,,18000000000.0,1902000000.0,964000000,13162000000.0,12112000000.0,0.0,150583000000.0,2461000000.0,4100000000.0,32539000000.0,12855000000,74604000000.0,20965000000.0,145346000000.0,192192000000.0,104469000000,GOOG,257101000000.0,37000000000.0,64909000000.0,
2019-06-30,1215000000.0,44277000000,,57961000000.0,13886000000,43000000,18334000000.0,994000000.0,,7473000000.0,112000000.0,0.0,47428000000.0,2334000000.0,1843000000.0,11033000000.0,3262000000,37271000000.0,7513000000.0,44968000000.0,88762000000.0,34719000000,FB,117006000000.0,12979000000.0,28244000000.0,
2019-06-30,42082000000.0,125109000000,7621000000,47218000000.0,,12625000000,146662000000.0,160759000000.0,,178505000000.0,4133000000.0,261000000.0,37595000000.0,33418000000.0,16414000000.0,9460000000.0,28176000000,154724000000.0,22381000000.0,59389000000.0,184257000000.0,,T,546914000000.0,66229000000.0,352833000000.0,11151000000
2019-04-30,2022000000.0,,40577000000,47311000000.0,10251000000,7777000000,33544000000.0,2398000000.0,1513000000,15921000000.0,715000000.0,0.0,-34771000000.0,1600000000.0,2331000000.0,17161000000.0,16649000000,2834000000.0,3795000000.0,-2877000000.0,36804000000.0,24392000000,CSCO,97287000000.0,27913000000.0,60483000000.0,
2019-03-31,18664000000.0,13418000000,429000000,31167000000.0,3413000000,8614000000,24635000000.0,103845000000.0,1417000000,124016000000.0,1549000000.0,128000000.0,-112561000000.0,11546000000.0,1098000000.0,8332000000.0,11632000000,110954000000.0,24469000000.0,46493000000.0,55856000000.0,,VZ,283947000000.0,38607000000.0,226487000000.0,6825000000
2019-06-30,4682000000.0,,25140000000,29239000000.0,2867000000,,24583000000.0,11249000000.0,8696000000,25762000000.0,8206000000.0,0.0,50364000000.0,4914000000.0,2309000000.0,11119000000.0,8562000000,52061000000.0,6233000000.0,50429000000.0,74947000000.0,9077000000,INTC,130759000000.0,19705000000.0,55812000000.0,
2019-03-31,897514641.2290521,785655067.244204,8413354909.88141,32164462451.9395,20949385214.38649,1560649567.65789,188436560.08176398,394747262.37406904,3526301714.7677703,1693922324.4269202,974630943.690076,-212220.075271454,54531753313.54132,762093740.0,502550575.104233,5846546000.22711,124912090,35938800992.8457,3463310783.4071503,37579480378.319595,56548259243.0363,3721334890.7383103,TSM,70973436024.72379,12273247805.8435,14403373825.8627,28974.2217030872
2019-05-31,580000000.0,,26909000000,46386000000.0,20514000000,4494000000,43779000000.0,5279000000.0,320000000,51673000000.0,,0.0,-78461000000.0,4317000000.0,2329000000.0,13556000000.0,15756000000,6252000000.0,5134000000.0,-3496000000.0,21785000000.0,17313000000,ORCL,108709000000.0,18630000000.0,86346000000.0,
2019-06-30,1676313600.0,620646000,1399585200,15431878800.0,5885318400,,32798578800.000004,5386523999.999997,,16019499600.0,2266212000,14607491.1949936,-1389336000.0000029,2032758000.0,1836884400.0,11591845200.0,1512326400,6155214000.0,6710948400.0,29576913600.0,31409242800.0,,SAP,65716731600.0,16185764400.0,34239160799.999996,1799304000
2019-05-31,169101000.0,6050800000,61000,5190045000.0,2082909999.9999998,3145668000,10697874000.0,1917148999.9999995,,987938000.0,,0.0,-14101068000.000002,655821000.0,438398000.0,4326550000.0,925295000,1205020000.0,1272668000.0,13183938000.0,9931693000.0,1396069000,ADBE,19665909000.0,7687097000.0,9734216000.0,9158742000
2019-06-30,4724000000.0,,55404000000,75300000000.0,45534000000,,,,1745000000,62391000000.0,,0.0,17645000000.0,12426000000.0,2409000000.0,21714000000.0,15664000000,15200000000.0,22957000000.0,160467000000.0,17645000000.0,874000000,IBM,154652000000.0,42351000000.0,136877000000.0,169385000000
2019-05-31,1562995000.0,6059471000,72000,14141660000.0,4769158000,,6078816000,843842999.9999999,,19855000.0,235286000,19133000.0,267139000.00000104,1273457000.0,1235017000.0,8472035000.0,1873173000,1341548000.0,8134147000.0,11709317000.0,13737324000.0,3338000,ACN,28156360000.0,10551987000.0,14013402000.0,3761010000
2019-04-30,2050000000.0,14383000000,1000000,9249000000.0,4110000000,178000000,12854000000,1794000000,,5915000000.0,1548000000,0.0,-12681000000.0,2512000000.0,457000000.0,7585000000.0,305000000,5097000000.0,2413000000.0,2127000000.0,16446000000.0,2269000000,CRM,33154000000.0,10488000000.0,16708000000.0,
2019-06-30,412000000.0,2003000000,1741000000,7956000000.0,3813000000,1249000000,4362000000,557000000,2079000000,4558000000.0,300000000,0.0,4124000000.0,583000000.0,240000000.0,898000000.0,1524000000,3365000000.0,1419000000.0,38974000000.0,8486000000.0,405000000,TXN,17384000000.0,2646000000.0,8898000000.0,33775000000
2019-04-30,759000000.0,,22288000000,10677000000.0,,3537000000,36662000000,20188000000,1034000000,34011000000.0,,0.0,-81874000000.0,735000000.0,831000000.0,3917000000.0,4359000000,2654000000.0,3484000000.0,,22172000000.0,,AVGO,70916000000.0,8503000000.0,48744000000.0,
2019-04-30,368000000.0,6317000000,1000000,10629000000.0,2772000000,,618000000,54000000,1426000000,2474000000.0,,0.0,7766000000.0,110000000.0,159000000.0,628000000.0,618000000,2009000000.0,1242000000.0,12862000000,9704000000.0,5030000000,NVDA,14021000000.0,1183000000.0,4317000000.0,9474000000
2019-03-31,1667000000.0,,384000000,16324000000.0,10135000000,,6299000000,2510000000,1725000000,15405000000.0,203000000,0.0,-2433000000.0,1910000000.0,631000000.0,7424000000.0,4235000000,2945000000.0,3626000000.0,3309000000,3866000000.0,195000000,QCOM,34023000000.0,10517000000.0,30157000000.0,
2019-03-31,151000000.0,682000000,,7930000000.0,5881000000,115000000,153000000,78000000,,10095000000.0,13517000000,-4000000.0,5639000000.0,64000000.0,492000000.0,4145000000.0,487000000,2648000000.0,1074000000.0,-8868000000,5792000000.0,,UBER,24390000000.0,4714000000.0,18602000000.0,
2019-04-30,383000000.0,,5782000000,4249000000.0,2946000000,,1611000000,43000000,,398000000.0,13000000,0.0,2459000000.0,202000000.0,638000000.0,1520000000.0,145000000,799000000.0,262000000.0,9789000000,4070000000.0,400000000,INTU,6917000000.0,2291000000.0,2847000000.0,11463000000
2019-03-31,156300000.0,1140200000,63900000,40924000000.0,1826200000,,2316100000,1062900000.0000001,,2002300000.0,3200000,0.0,-2939000000.0000005,3098700000.0,36605300000.0,38910000000.0,1166000000,765800000.0,2485200000.0,17368600000,5246200000.0,7300000,ADP,48196300000.0,39166000000.0,42950100000.0,12914600000
2019-06-30,7260000000.0,38242000000,,8114000000.0,1105000000,1263000000,1901000000,36587000000,998000000,38645000000.0,,0.0,25066000000.0,1707000000.0,1688000000.0,2382000000.0,913000000,34875000000.0,4305000000.0,-10454000000,26967000000.0,,TMUS,84788000000.0,13173000000.0,57821000000.0,8000000
2019-04-30,150000000.0,30000000,4000000,5288000000.0,3348000000,,5414000000,392000000,,4769000000.0,123000000,0.0,-11339000000.0,1896000000.0,306000000.0,5211000000.0,4198000000,1791000000.0,1192000000.0,521000000,561000000.0,,VMW,14973000000.0,5445000000.0,14412000000.0,
2019-06-30,,17801000000,4000000,,,98000000,10078000000,5074000000,,22898000000.0,,0.0,1445000000.0,385000000.0,,,3726000000,20204000000.0,,-6277000000,11523000000.0,,CCI,38147000000.0,,26624000000.0,
2019-06-30,65711000,,,2290242000,583580999.9999999,,152472000,121599000.00000001,,1060957000.0000001,,0.0,1108474000.0,529717000.0,133482000,2159268000,55821000,761957000.0,503376000,,1260946000.0,1069803000.0000001,NOW,4602703000.0,2224979000,3341757000.0,
2019-05-31,1336000000,8217000000,118000000,15066000000,5157000000,1346000000,1228000000,339000000,4905000000,3564000000.0,1244000000,11000000.0,32293000000.0,456000000.0,215000000,2461000000,417000000,27138000000.0,2848000000,30201000000,35323000000.0,1532000000,MU,46288000000.0,5397000000,9378000000.0,3221000000
2019-04-30,35146000,4294370000,225000,2582818000,786915999.9999999,235408000,1379125000,313415999.99999994,,1229544000.0,68390000,0.0,-1131821000.0,309987000.0,142918000,2108418000.0000002,106803000,1165934000.0,542843000,-2262960000,2044748000.0,1110141000,WDAY,5824174000.0,2443079000,3779426000.0,
2019-04-30,903000000,7396000000,9000000,10062000000,3116000000,,3399000000,185000000,3677000000,5311000000.0,1609000000,0.0,-585000000.0,2026000000.0,387000000,2690000000,1483000000,1494000000.0,2375000000,23502000000,8201000000.0,507000000,AMAT,18775000000.0,3605000000,10574000000.0,22568000000
2019-04-30,208243000,5117202000,61628000,2080489000,713601000,374165000,12250370000,4489181999.999999,608085000,5612365000.0,31616000,0.0,-508112000.000001,103092000.0,72825000,658271000,785184000,1211467000.0,685978000,6659449000,11742258000.0,,ADI,21776325000.0,1365035000,10034067000.0,
2019-03-31,959000000,10844000000,4000000,3611000000,576000000,53000000,13544000000,4796000000,,8898000000.0,,1000000.0,-26490000000.0,1126000000.0,965000000,1800000000,400000000,996000000.0,1574000000,4558000000,9896000000.0,,FIS,24073000000.0,3521000000,14170000000.0,5083000000
2019-03-31,523000000,1720000000,118000000,2285000000,334000000,6000000,5371000000,902000000,433000000,3412000000.0,,0.0,-1764000000.0,239000000.0,107000000,958000000,507000000,904000000.0,1334000000,1986000000,3607000000.0,,LHX,9792000000.0,1606000000,6185000000.0,
2019-03-31,,12043056000,84000,,1645149000,429308000,4808085000,2243106000,,11836890000.0,10366000,-331000.0,3617026999.999999,710685000.0,,,1667943000,12356032000.0,,1002053000,8425111999.999999,13833000,EQIX,22491091000.0,,14066303000.0,144801000
2019-04-30,18097000000,,15179000000,33655000000,9669000000,4884000000,40015000000,20948000000,3360000000,49778000000.0,824000000,36000000.0,-128228000000.0,4814000000.0,5832000000,18971000000,11672000000,5505000000.0,10517000000,-21053000000,-4690000000.0,,DELL,109892000000.0,43479000000,109779000000.0,65000000
2019-03-31,262000000,64000000,6000000,7883000000,950000000,32000000,3638000000,1185000000,,1395000000.0,109000000,0.0,7498000000.0,694000000.0,503000000,2112000000,668000000,2123000000.0,3712000000,11140000000,11136000000.0,2718000000,CTSH,16096000000.0,2720000000,4960000000.0,
2019-04-30,98000000,,2123100000,1422300000,883200000,,2446200000,261800000.00000018,,2228900000.0,1100000,0.0,-6339400000.0,160200000.0,182100000,2057000000,510300000,462500000.0,268100000.00000003,-2226800000,-245300000.0,88900000,ADSK,4808500000.0,2220700000,5053800000.0,
2019-03-31,930000000,9246000000,11000000,3677000000,983000000,70000000,289000000,222000000,955000000,1237000000.0,79000000,0.0,1499000000.0,73000000.0,282000000,726000000,142000000,591000000.0,1241000000,-7420000000,1788000000.0,216000000,AMD,4931000000.0,1764000000,3143000000.0,48000000
2019-03-31,166000000,11004000000,,6037000000,4696000000,,9763000000,760000000,45000000,2893000000.0,,0.0,-10271000000.0,503000000.0,702000000,2067000000,1142000000,512000000.0,594000000,6757000000,11596000000.0,,ATVI,17948000000.0,2295000000,6352000000.0,5563000000
2019-03-31,1952650000,2048938000,,3266522000,554896000,3745000,267012000,79697000,26679000,1024304000.0000001,526751000,0.0,464850000.0,16947000.0,639195000,204123000,73139000,245662000.0,1419743000,-923925000,1121589000.0,566539000,SQ,4402591000.0,2183559000,3281002000.0,
2019-06-30,206282000,8535463000,4000,7512783000,2184490000.0000005,969241000,1246883000,50721999.99999998,,2394881000.0,25518000,0.0,7097931000.000001,53525000.0,104962000,558215000,24781000,1677368000.0,719904000,-143709000,8344814000.0,4503427000,TWTR,12521607000.0,1733738000,4176792999.9999995,
2019-03-31,30443000000.0,,42801000000.0,123346000000.0,38329000000.0,10505000000,0,,4884000000.0,90201000000.0,146807000000.0,0.0,105860000000.0,33099000000.0,11751000000.0,40900000000,6279000000,38746000000.0,15085000000.0,64558000000.0,105860000000.0,42104000000.0,AAPL,341998000000.0,93772000000.0,236138000000.0,
2019-03-31,10207000000.0,63624000000,4009000000.0,22312000000.0,2738000000.0,,46753000000,25836000000,5358000000.0,21359000000.0,165000000.0,31000000.0,-69608000000.0,5614000000.0,1933000000.0,9252000000,9441000000,20993000000.0,5198000000.0,102103000000.0,55072000000.0,7085000000.0,PG,121673000000.0,28370000000.0,66121000000.0,99484000000
2019-06-30,12537000000.0,16833000000,1760000000.0,24360000000.0,6731000000.0,2749000000,16840000000,10075000000,3453000000.0,30367000000.0,22468000000.0,21000000.0,1341000000.0,2110000000.0,2658000000.0,,7265000000,11584000000.0,4888000000.0,64602000000.0,18181000000.0,6630000000.0,KO,89996000000.0,29382000000.0,69701000000.0,52033000000
2019-03-31,23905533721.8232,4401337127.88544,3587206938.60957,170567258436.10202,32296191895.920902,38435741066.9919,0,,23999602475.4935,95324072819.2619,97516817997.0186,228020448.674763,179303654515.065,6991877850.0,7281600939.603379,51142639020.643906,5561720200,96539675656.14131,81497086326.0604,198649455662.466,179303654515.065,20359687401.1835,TM,469232045896.011,164673966662.14902,283432615078.827,23552649410.4892
2019-06-30,16055000000.0,3796000000,23000000.0,17212000000.0,3443000000.0,,15632000000,15581000000,3988000000.0,28783000000.0,2510000000.0,8000000.0,-34490000000.0,853000000.0,988000000.0,,8678000000,18915000000.0,8502000000.0,60752000000.0,13952000000.0,291000000.0,PEP,75084000000.0,19928000000.0,61047000000.0,35635000000
2019-05-31,2612000000.0,7163000000,3000000.0,16525000000.0,4466000000.0,6000000,154000000,283000000,5622000000.0,3464000000.0,11000000.0,0.0,8429000000.0,2000000000.0,1968000000.0,5010000000,3274000000,4744000000.0,4272000000.0,1643000000.0,9040000000.0,197000000.0,NKE,23717000000.0,7866000000.0,14677000000.0,
2019-06-30,1708000000.0,1948000000,,17163000000.0,4031000000.0,4762000000,5828000000,2130000000,8255000000.0,25382000000.0,4665000000.0,117000000.0,-25596000000.0,1468000000.0,803000000.0,10529000000,2166000000,7627000000.0,3506000000.0,31128000000.0,-11199000000.0,,PM,39923000000.0,18046000000.0,49332000000.0,35224000000
2019-03-31,205000000.0,5943000000,935000000,6262000000.0,3420000000.0,2144000000,5196000000,12327000000,2356000000.0,27024000000.0,32050000000.0,1000000.0,8883000000.0,1476000000.0,325000000.0,7770000000,357000000,1922000000.0,158000000.0,43582000000.0,14079000000.0,,MO,59233000000.0,10119000000.0,45114000000.0,33664000000
2019-03-31,5566000000.0,31933000000,,8539000000.0,1542000000.0,2936000000,20686000000,17958000000,2620000000.0,12944000000.0,7004000000.0,6000000.0,-35074000000.0,549000000.0,841000000.0,4975000000,2518000000,9156000000.0,2781000000.0,24954000000.0,25828000000.0,,MDLZ,64162000000.0,17721000000.0,38253000000.0,20561000000
2019-03-31,1068000000.0,4331000000,6000000,7160000000.0,2902000000.0,18000000,1865000000,1215000000,1814000000.0,2883000000.0,173000000.0,2000000.0,-928000000.0,627000000.0,408000000.0,2419000000,1200000000,1891000000.0,2036000000.0,9984000000.0,4588000000.0,,EL,12931000000.0,4231000000.0,8314000000.0,9235000000
2019-06-30,1209000000.0,2338000000,1466000000,4255000000.0,863000000.0,1000000,2536000000,1609000000,1322000000.0,7170000000.0,,32000000.0,-2883000000.0,243000000.0,414000000.0,2122000000,1906000000,4341000000.0,1590000000.0,21653000000.0,-347000000.0,66000000,CL,13151000000.0,3782000000.0,13161000000.0,21682000000
2019-03-31,24560000000.0,25661000000,14000000,80090000000.0,20239000000.0,,0,5518000000,11108000000.0,74650000000.0,8808000000,-12000000.0,40765000000.0,6589000000.0,3376000000.0,27235000000,12079000000,82376000000.0,39346000000.0,23939000000.0,40765000000.0,6021000000,GM,233132000000.0,85303000000.0,188494000000.0,
2019-06-30,2993000000.0,510000000,473000000,5321000000.0,534000000.0,1291000000,1478000000,0,1856000000.0,6992000000.0,249000000,10000000.0,-1618000000.0,676000000.0,534000000.0,2165000000,280000000,7623000000.0,2397000000.0,6170000000.0,-140000000.0,,KMB,15347000000.0,6585000000.0,15259000000.0,4062000000
2019-06-30,2382369600.0,4125872400,206122800,10336887600.0,1226487600.0,,9810762000,4025657999.9999995,3395901600.0,5452574400.0,662781600,3370959.50653698,3745513199.9999995,60356400.0,1196878800.0,4467512400,764134800,2816252400.0,4314913200.0,8551249200.0,13556275200.0,,PHG,30009657600.0,8118505200.0,16421496000.0,110463600
2019-06-30,3133587000.0,,,10181952000.0,,1791085000,,,3382358000.0,11234401000.0,365547000,19072000.0,5715393000.0,842978000.0,569748000.0,4664101000,3837762000,19600979000.0,1147100000.0,,5715393000.0,,TSLA,31872597000.0,9588773000.0,24722136000.0,
2019-05-31,579100000.0,1417000000,2200000,3580900000.0,98700000,1065400000.0000001,7756000000,2847500000,1494100000.0,12272800000.0,5839900000,8300000.000000001,-6256699999.999999,1030400000.0000001,1199800000.0,632800000.000001,180600000,5693300000.0,788300000.0,13888900000,12174600000.0,,STZ,28951100000.0,2939300000.0,16462900000.000002,2778000000
2019-06-30,22980000000.0,22111000000,41000000,118351000000.0,22117000000,37407000000,265000000,0,12437000000.0,104226000000.0,3553000000,2000000.0,35832000000.0,8309000000.0,2907000000.0,22176000000,7609000000,67678000000.0,64697000000.0,22769000000,36097000000.0,15931000000,F,262184000000.0,98334000000.0,226048000000.0,1388000000
2018-12-31,4153000000.0,58723000000,12000000,9075000000.0,1131000000,377000000,36503000000,49468000000,2667000000.0,30770000000.0,5000000,-59000000.0,-71904000000.0,1332000000.0,2996000000.0,2952000000,902000000,7078000000.0,2129000000.0,-4853000000,51657000000.0,,KHC,103461000000.0,7503000000.0,51683000000.0,282000000
2019-03-31,3482000000.0,16640000000,10000000,12836000000.0,245000000,1106000000,18311000000,6015000000,2124000000.0,8418000000.0,946000000,34000000.0,-23829000000.0,7029000000.0,4669000000.0,5991000000,4296000000,3332000000.0,5792000000.0,6416000000,20036000000.0,,JCI,48489000000.0,13441000000.0,27188000000.0,2078000000
2019-03-31,257935000.0,4288638000,3174000,1907300000.0,618344000,,1331643000,1042839000,300780000.0,19264000.0,,0.0,-47681999.99999979,47622000.0,127818000.0,354277000,306795000,241232000.0,596661000.0,4176130000,3698820000.0,263697000,MNST,4655851000.0,630972000.0,957031000.0,4734997000
2019-06-30,588417000.0,,,4033871000.0,,5068000,,,1665132000.0,3168952000.0,,0.0,4150737000.0,739776000.0,424049000.0,1318342000,1137219000,2137693000.0000002,1338610000.0,,4150737000.0,,VFC,10436393000.0,1979485000.0,6285656000.0,
2019-05-31,2854100000.0,1386700000,75500000,4186500000.0,450000000,1396500000,13995800000,7166799999.999999,1559300000.0,11624800000.0,452900000,11000000.0,-28314000000.0,522000000.0,198400000.0,1330300000,1448900000,3787200000.0,1679700000.0,14996700000,7054500000.0,6700000,GIS,30645800000.0,7087100000.0,22726400000.0,6779000000
2019-06-30,479792000.0,1075187000,359901000,2093558000.0,365963000,353186000,1805955000,1257868000,957953000.0,3082708000.0,,431000.0,-3329367000.0,267269000.0,230896000.0,622319000,184036000,2339219000.0,538746000.0,7358277000,1675120000.0,,HSY,7793560000.0,2387427000.0,6109479000.0,6781509000
2019-03-31,1710000000.0,4350000000,45000000,6376000000.0,360000000,1564000000,10946000000,7295000000,3899000000.0,10810000000.0,99000000,4000000.0,2477000000.0,697000000.0,280000000.0,1324000000,1238000000,7085000000.0,1837000000.0,13012000000,13423000000.0,,TSN,32498000000.0,4614000000.0,18940000000.0,3988000000
2019-03-31,4053500000.0,94300000,347000000,7334700000.0,2842600000,1000000,0,,1272600000.0,10226900000.0,63700000,0.0,9105500000.0,1257500000.0,401700000.0,8899999.99999982,2746900000,6145400000.0,1736200000.0,9793100000,9105500000.0,1081600000,PCAR,26157000000.0,4077700000.0,17051500000.0,33400000
2019-06-30,,,,9741000000.0,,,,,,34473000000.0,,92000000.0,55854000000.0,114235000000.0,,54528000000.0,66871000000.0,,,,55854000000.0,,UNH,167200000000.0,62328000000.0,109144000000.0,
2019-03-31,4156000000,86635000000,468000000,45290000000.0,1937000000,4471000000,53487000000,34039000000,8029000000,36776000000.0,2859000000,6000000.0,-143987000000.0,3053000000.0,16043000000,13755000000.0,5304000000.0,14747000000,9599000000,93387000000,58806000000.0,9682000000,PFE,155421000000.0,29423000000.0,96263000000.0,110781000000
2019-06-30,4751995248,,935999064,28319971680.0,9990990009,293999706,26532973467,27220972779,6093993906,22115977884.0,11637988362,1003127.0045159999,24892975107.000004,2464997540.0,3638996361,15011984988.0,6842993160.0,12289987710,7972992027,55644944355,51425948574.0,343999656,NVS,116293883706.0,30110969889.0,64789935210.0,66999933
2019-03-31,3018000000,38768000000,1788000000,25351000000.0,8076000000,,18170000000,10999000000,5712000000,23498000000.0,6163000000,-53000000.0,9369000000.0,7069000000.0,3233000000,11295000000.0,10808000000.0,14602000000,7608000000,44065000000,27539000000.0,722000000,MRK,82354000000.0,18543000000.0,54684000000.0,51736000000
2019-04-30,1953000000,26532000000,,21967000000.0,4393000000,838000000,39959000000,20560000000,3753000000,24486000000.0,44000000,10000000.0,-59435000000.0,970000000.0,2144000000,5114000000.0,5097000000.0,4675000000,6222000000,26270000000,50091000000.0,5455000000,MDT,89694000000.0,8472000000.0,39482000000.0,
2019-06-30,,,,11223000000.0,,,25757000000,14863000000,3209000000,16663000000.0,,0.0,2972000000.0,1733000000.0,1597000000,5132000000.0,5069000000.0,4394000000,4129000000,,28729000000.0,,TMO,57970000000.0,7509000000.0,29241000000.0,
2019-06-30,12637000000,7911000000,328000000,15219000000.0,5427999999.999999,1206000000,11668000000,22257000000,3197000000,17869000000.0,1559000000,-22886861.745003,1880000000.0,,210000000,421000000.000001,6975000000.0,8144000000,5319000000,3265000000,13548000000.0,819000000.0000011,AZN,61889000000.0,16034000000.0,46818000000.0,
2019-03-31,1091000000,,31243000000,35151000000.0,7358000000,3705000000,14692000000,7124000000,3016000000,29687000000.0,706000000,0.0,-3860000000.0,1015000000,2063000000,7790000000.0,1092000000.0,5309000000,3771000000,-19895000000,10832000000.0,18943000000,AMGN,63997000000.0,12706000000.0,53165000000.0,
2019-03-31,1168100000,5756600000,607100000,12597500000.0,2036399999.9999998,2354900000,3855900000,6641500000,3055200000,14118400000.0,2111400000,0.0,-1375600000.0,1963000000,2227200000,7221700000.0,4930200000.0,8326500000,4200500000,4879400000,2480300000.0,100700000,LLY,38006800000.0,11236100000.0,35441800000.0,62100000
2019-06-30,17035089499.999998,4017913900,1711781500,23198775600.0,5247342100,,8941990200,25624541800,7584019300,29670455100.0,2259042500,110530827.169977,-4342452400.0,3074843200,1273972700,2220861500.0,8098190100.0,13216989500,8749812500,-3568650800,4599537800.0,106906800,GSK,80984446400.0,32808933299.999996,77208345500.0,307993400
2019-03-31,635016131.0942819,,73699172.0123634,7931534973.26525,1361930617.49378,,0,797455122.468471,2532544200.7023997,481902341.07676005,256593443.781821,0.0,7117083919.29189,,518150301.188963,6843043324.58469,,7121746519.970221,3231633489.50539,7307348108.26258,7117083919.29189,,NVO,16565016958.329899,8236258488.565351,9447933039.038,1955284.1554300499
2019-03-31,577000000,2494000000,1000000,34024000000.0,16927000000,2498000000,4117000000,15438000000,898000000,24509000000.0,2386000000,-7000000.0,-7036000000.0,2301000000,834000000,6247000000.0,6840000000,4571000000,3283000000,19326000000,21951000000.0,12082000000,GILD,62837000000.0,9397000000.0,40746000000.0,
2019-06-30,616000000,1569000000,37000000,8185000000.0,1754000000,539000000,8762000000,4184000000,3198000000,8243000000.0,,0.0,3181000000.0,866000000,740000000,2564000000.0,1116000000,2744000000,2408000000,10967000000,11943000000.0,85000000,SYK,26354000000.0,3946000000.0,14411000000.0,
2019-06-30,,9494000000,3000000,35089000000.0,,850000000,20500000000,8840000000,,17960000000.0,,0.0,10293000000.0,6784000000,2633000000,12993000000.0,9876000000,3474000000,,21679000000,30793000000.0,20629000000,ANTM,75851000000.0,15028000000.0,45058000000.0,
2019-06-30,2005000000,2150000000,221000000,37716000000.0,28404000000,,6533000000,995000000,1308000000,24949000000.0,1489000000,7000000.0,-1057000000.0,1630000000,1384000000,6734000000.0,4352000000,5358000000,4503000000,35870000000,16049000000.0,953000000,BMY,55163000000.0,9711000000.0,39012000000.0,19571000000
2019-03-31,26818000000,45598000000,17000000,47857000000.0,5902000000,3893000000,79075000000,35147000000,15448000000,86849000000.0,16676000000,6000000.0,-19389000000.0,8673000000,4572000000,15112000000.0,14742000000,32340000000,18641000000,41859000000,59686000000.0,2426000000,CVS,219768000000.0,50631000000.0,159762000000.0,28221000000
2019-03-31,4050000000,16177000000,347000000,6844000000.0,767000000,,23513000000,15707000000,2627000000,17556000000.0,,0.0,-45245000000.0,1061000000,1161000000,1000000.0,5810000000,5473000000,2279000000,12792000000,21309000000.0,10000000,BDX,52598000000.0,7108000000.0,31289000000.0,6192000000
2019-03-31,340000000,15381000000,10000000,10981000000.0,5433000000,500000000,8003000000,16101000000,442000000,20015000000.0,54000000,0.0,-26938000000.0,831000000,485000000,2964000000.0,2790000000,1669000000,2363000000,19104000000,8165000000.0,2258000000,CELG,37639000000.0,3955000000.0,29474000000.0,26298000000
2019-03-31,4488000000,27855000000,4000000,21569000000.0,,2357000000,44537000000,38338000000,,38095000000.0,,4000000.0,-2129000000.0,24807000000,363000000,26872000000.0,42168000000,5125000000,,16426000000,42408000000.0,267000000,CI,154348000000.0,34435000000.0,111897000000.0,595000000
2019-06-30,129600000,5430100000,100000,4071600000.0,790300000.0000002,,244900000,0,512799999.99999994,69600000.0,2429800000,-1900000.0,7020400000.000001,214800000,154500000,648100000.0,374900000,1105200000,685900000,1819000000,7265300000.0,1928100000,ISRG,8531600000.0,807500000.0,1252000000.0,
2019-03-31,235000000,1008000000,5000000,4379000000.0,1728000000,,2522000000,1989000000,1361000000,6578000000.0,15000000,0.0,-6218000000.0,72000000,255000000,749000000.0,164000000,1841000000,970000000,3495000000,2317000000.0,65000000,ZTS,10883000000.0,1082000000.0,8566000000.0,1593000000
2019-03-31,356700000,55742800000,,6289300000.0,788500000,3971800000,43336600000,42264600000,943200000,19969300000.0,57900000,700000.0,-106344700000.00002,2818800000,831200000,4277700000.0,594400000,2236500000,2731200000,4582800000,61542000000.0,995200000,AGN,98036300000.0,8849200000.0,36476700000.0,
2019-03-31,1918489406.87537,14909265031.3954,14849211726.9729,27561620815.8287,6343163030.2209015,19379319.691014998,37596810769.30029,43911713420.969406,8914884582.3734,44660712833.7173,2772724398.06658,-281439.477182579,-84403171161.40399,790278720,5325256358.13344,10769363509.0573,1767122920,11894394000.9938,5941916248.8142,14178660161.7202,46615006550.119705,210290463.929168,TAK,125331544473.054,22685377422.415,78680345123.5488,516257848.850341
2019-03-31,2693000000,,3000000,11108000000.0,531000000,3796000000,0,8159000000,1778000000,32513000000.0,584000000,142000000.0,-4354000000.0,588000000,1289000000,3732000000.0,1277000000,22940000000,7420000000,-3983000000,-4354000000.0,90000000,HCA,43379000000.0,10531000000.0,45634000000.0,
2019-06-30,377100000,,100000,7909800000.0,1723399999.9999998,,5749200000,3681300000,776700000,6371500000.0,1309300000,0.0,-6972400000.000001,1306000000,1663800000,2406600000.0,1355800000,3511900000,2517100000,16182800000,12952900000.0,1228800000,BIIB,26287600000.0,3210900000.0,13338800000.0,2977100000
2019-03-31,137000000,3385000000,2000000,4545000000.0,2270000000,631000000,831000000,175000000,412000000,1830000000.0,268000000,-9000000.0,3154000000.0,58000000,61000000,338000000.0,212000000,1426000000,457000000,3298000000,3985000000.0,1345000000,ILMN,7390000000.0,1241000000.0,3283000000.0,2702000000
2019-06-30,151000000,1512300000,216900000,2354700000.0,726800000,,1173900000,385599999.9999999,624900000,644500000.0,412900000,0.0,2326400000.0,80300000,185900000,507600000.0,592200000,1002300000,609600000,3186700000,3500300000.0,207500000,EW,5573500000.0,697000000.0,2073199999.9999998,1277400000
2019-03-31,82262000,7475909000,2561000,4183038999.9999995,2893885000,35725000,50384000,0,136698000,623865000.0,,0.0,4672929000.0,39041000,130008999.99999999,980961000.0,89468000,803132000,438297000,-2761157000,4723313000.0,584150000,VRTX,6543114000.0,1106468000.0,1819801000.0,
2019-03-31,,2722000000,33000000,15708000000.0,,,3897000000,228000000,,4704000000.0,1048000000,0.0,2218000000.0,4876000000,,9653000000.0,4415000000,2170000000,,15563000000,10841000000.0,9876000000,HUM,28349000000.0,11493000000.0,17508000000.0,7467000000
2019-03-31,239600000,4160899999.9999995,100000,6928600000.0,1708500000,,0,0,1208800000,709900000.0,2339800000,0.0,9444700000.0,144300000,182200000,1271800000.0,1188800000,2612800000,2305200000,5725100000,9444700000.0,1523900000,REGN,12854800000.0,1511400000.0,3410100000.0,444200000
2019-06-30,2139000000,,10964000000,3978000000.0,938000000,100000000,11937000000,5701000000,,11697000000.0,152000000,11000000.0,-5414000000.0,242000000,519000000,990000000.0,424000000,956000000,2401000000,925000000,6523000000.0,56000000,IQV,23068000000.0,3495000000.0,16287000000.0,5151000000
2018-12-31,748000000,,,3399000000.0,227000000,47000000,8899000000,10679000000,1440000000,89000000.0,46000000,0.0,-14651000000.0,326000000,186000000,947000000.0,210000000,2879000000,1406000000,22650000000,22639000000.0,,ALC,27062000000.0,1893000000.0,4423000000.0,
2019-06-30,719200000,8677000000,,4168500000.0,1984199999.9999998,126600000,5037400000,3487600000.0000005,494600000,2603800000.0,1100000,0.0,-4682600000.0,540100000,460700000,185700000.0,427700000,1333000000,1123600000,3283200000,10163500000.0,105400000,ALXN,14567700000.0,1031500000.0,4404200000.0,1738800000
2019-06-30,2570000000,16552000000,,18305000000,9001000000,,15313000000,27272000000,,16694000000,3597000000,0.0,19682000000,3213000000,2819000000,8259000000,2801000000,2549000000,3220000000,13040000000,34995000000,3265000000,V,70249000000.0,10829000000,35254000000.0,
2019-06-30,,88359000000,4105000000,1147674000000,,,47477000000,732000000,,314454000000,244874000000,0.0,215410000000,125183000000,,1599738000000,364104000000,24665000000,,212093000000,262887000000,,JPM,2727379000000.0,1861311000000,2464492000000.0,69428000000
2019-06-30,,,106619000000,733479000000,,,68951000000,0,,238011000000,50328000000,0.0,202457000000,185689000000,,1544809000000,289188000000,10426000000,,147577000000,271408000000,,BAC,2395892000000.0,1767001000000,2124484000000.0,
2019-03-31,508000000,4569000000,,14396000000,6519000000,500000000,2944000000,1025000000,,6126000000,348000000,0.0,-2973000000,2624000000,2513000000,8868000000,1824000000,1305000000,2577000000,28806000000,5168000000,1317000000,MA,23520000000.0,10246000000,18257000000.0,27534000000
2019-06-30,,60625000000,9136000000,370081000000,,,26415000000,0,,241476000000,198747000000,132000000.0,172627000000,89861000000,,1358132000000,78105000000,9435000000,,164551000000,199042000000,,WFC,1923388000000.0,1473476000000,1723351000000.0,54775000000
2019-06-30,69839000000,107657000000,31000000,819870000000,,,22065000000,5026000000,,252189000000,178246000000,10000000.0,175294000000,165386000000,,614691000000,267369000000,,,158321000000,197359000000,,C,1988226000000.0,908105000000,1790116000000.0,51427000000
2019-06-30,25272000000,15010000000,,36435000000,4981000000,,6236000000,699000000,,,,0.0,1554000000,1023000000,902000000,2022000000,2405000000,1720000000,23952000000,7373000000,16139000000,3434000000,PYPL,48391000000.0,29847000000,32252000000.0,6216000000
2019-06-30,,11980000000,167000000,,26869000000,,0,,,57736000000,9005000000,0.0,23092000000,10685000000,,,41358000000,4658000000,,13551000000,23092000000,,AXP,197603000000.0,,174511000000.0,
2019-03-31,,10447900000,4500000,,1099699999.9999998,2097199999.9999998,5538200000,11042800000,,25423200000,,10200000.0,-21827700000,2122500000,,403100000,2680700000,18283500000,,-1226400000,5347000000,18400000,AMT,38926800000.0,,32437500000.0,1206800000
2019-06-30,,8465000000,21000000,16932000000,,,9548000000,3161000000,,41008000000,3819000000,7000000.0,43365000000,40980000000,,353177000000,18962000000,3690000000,,61252000000,52913000000,,USB,481719000000.0,368209000000,428179000000.0,21465000000
2019-06-30,,,,906000000000,,,,,,221000000000,,0.0,91000000000,207000000000,,296000000000,314000000000,,,,91000000000,,GS,945000000000.0,449000000000,854000000000.0,
2019-06-30,,,,,,26621000000,,,,196072000000,,45000000.0,,,,,,,,,,,MS,891959000000.0,26621000000,399286000000.0,
2019-03-31,,21062100000,3600000,,999000000.0000001,,10850300000,22555899999.999996,,4813500000,1100000,-1000000.0,-19273500000.000004,35668500000,,,34912300000,897800000,,5091100000,26157600000,82400000,CME,71614500000.0,,45428000000.0,
2019-06-30,,,,27650000000,,,,,,,,0.0,53802000000,19561000000,,63205000000,41106000000,,,,53802000000,,CB,174516000000.0,63205000000,120714000000.0,
2017-03-31,180368000,9170142000,971000,8027724000,1328912999.9999995,,430463000,142423999.9999999,,1317112000,45490709000,506000.0,34036684999.99999,99683000,176351000,987543000,1301606000,1177723000,940311000,4560905000,35435717000,5582149000,AABA,55368726000.0,1167911000,19901533000.0,908559000
2019-06-30,,,,18362000000,,,9221000000,0,,69025000000,32507000000,12000000.0,36128000000,35820000000,,273260000000,,,,,45349000000,,PNC,405761000000.0,273260000000,342325000000.0,
2019-06-30,,,6335897000,,,,1869860000,433007000.0000003,,11250757000,,341169000.0,4438495000,354253000,,,5448694000,,,,6308355000,,BX,30972213000.0,,16907127000.0,
2019-06-30,,,,,,,,,,7400000000,192900000000,0.0,21300000000,,,,,,,,21300000000,,SCHW,276300000000.0,,7400000000.0,
2019-03-31,,681000000,561000000,,7476000000,814000000,9739000000,1464000000,,13062000000,617000000,11000000.0,-13882000000,3190000000,,211000000,5653000000,2341000000,,14642000000,7909000000,,MMC,30137000000.0,,22442000000.0,3385000000
2019-06-30,15267000000.0,6638000000,5061000000.0,95111000000.0,9167000000,,8051000000,3761000000.0,68492000000.0,15725000000.0,1142000000,0.0,-13373000000.0,1791000000,3304000000,72314000000.0,3973000000,13665000000.0,13709000000.0,52819000000,-5322000000.0,439000000,BA,126261000000.0,92189000000.0,131204000000.0,54932000000
2019-06-30,5602000000.0,6780000000,958000000.0,23768000000.0,8225000000,4017000000,15573000000,3933000000.0,4600000000.0,9111000000.0,425000000,15000000.0,2297000000.0,5715000000,1468000000,6539000000.0,8020000000,5906000000.0,7407000000.0,35741000000,17870000000.0,1718000000,HON,57750000000.0,19894000000.0,39683000000.0,22156000000
2019-06-30,11109000000.0,,22718000000.0,37058000000.0,6819000000,6202000000,48358000000,25963000000.0,10934000000.0,40168000000.0,37000000,99000000.0,-89704000000.0,9065000000,1276000000,16392000000.0,16651000000,15032000000.0,18029000000.0,60548000000,40754000000.0,,UTX,138990000000.0,35422000000.0,95904000000.0,32549000000
2019-06-30,2611000000.0,,281000000.0,18100000000.0,1167000000,900000000,10775000000,3351000000.0,3599000000.0,13452000000.0,,0.0,-7925000000.0,4595000000,400000000,11368000000.0,3423000000,7141000000.0,12934000000.0,16408000000,2850000000.0,,LMT,47840000000.0,15132000000.0,44944000000.0,
2019-06-30,1664100000.0,7482600000,8300000.000000001,11603700000.0,5433600000,153700000,26074500000,11424099999.999998,2055900000.0,10924500000.0,36400000,0.0,6126700000.000001,716800000,547600000,3005000000.0,5176300000,3466500000.0,3481600000.0,25955000000,32201200000.0,,DHR,53322000000.0,5008000000.0,21108800000.0,
2019-06-30,2130000000.0,,,14051000000.0,2849000000,,,,4300000000.0,14914000000.0,,4000000.0,10142000000.0,1503000000,1389000000,3773000000.0,6648000000,9877000000.0,5374000000.0,,10142000000.0,139000000,MMM,38969000000.0,7265000000.0,28827000000.0,
2019-03-31,17059000000.0,,702000000,87747000000.0,,,53194000000,17053000000,19419000000.0,95753000000.0,39390000000,59000000.0,-18033000000.0,39231000000,,38200000000.0,22424000000,54281000000.0,26629000000.0,96921000000,35161000000.0,,GE,315082000000.0,71212000000.0,259022000000.0,83328000000
2019-06-30,7022000000.0,,5822000000,39789000000.0,,6248000000,6211000000,1733000000,12007000000.0,24764000000.0,,-1000000.0,8626000000.0,4667000000,1818000000,9199000000.0,4362000000,13172000000.0,18535000000.0,32981000000,14837000000.0,,CAT,79187000000.0,27735000000.0,64309000000.0,22467000000
2019-06-30,1962000000.0,,169000000,10026000000.0,1088000000,545000000,18708000000,1206000000,810000000.0,14919000000.0,353000000,0.0,-9494000000.0,1406000000,639000000,5104000000.0,1241000000,7800000000.0,7489000000.0,9120000000,9214000000.0,,NOC,39584000000.0,8155000000.0,30370000000.0,
2019-06-30,2860000000.0,2959000000,482000000,19557000000.0,702000000,5024000000,19662000000,2457000000,6480000000.0,10319000000.0,,0.0,-31025000000.0,1027000000,1148000000,9890000000.0,2053000000,5371000000.0,11227000000.0,30291000000,12877000000.0,,GD,48074000000.0,18014000000.0,35197000000.0,17379000000
2019-04-30,9625800000.0,,4559100000,20220800000.0,3483700000.0000005,987000000,3024900000,1475900000,7160900000.0,28255400000.0,234800000,1400000.0,4159800000.0,3253400000,,199500000.0,5733100000,12797000000.0,7519300000.0,28708800000,11919500000.0,545100000,DE,72729600000.0,26289300000.0,60791300000.0,16738500000
2019-06-30,1368000000.0,,3000000,11526000000.0,2173000000,500000000,14882000000,0,932000000.0,4977000000.0,26000000,-4000000.0,-2678000000.0,1882000000,6814000000,5496000000.0,6699000000,3870000000.0,1607000000.0,20383000000,12204000000.0,,RTN,32186000000.0,7871000000.0,19547000000.0,
2019-06-30,512000000.0,1270000000,6000000,6289000000.0,,,4503000000,928000000,1256000000.0,7809000000.0,,0.0,-1412000000.0,1234000000,727000000,1623000000.0,1412000000,1717000000.0,2629000000.0,21788000000,3091000000.0,,ITW,15187000000.0,2188000000.0,12092000000.0,18276000000
2019-06-30,908000000.0,4962000000,6000000,4836000000.0,,116000000,6512000000,547000000,104000000.0,12923000000.0,687000000,1000000.0,-46000000.0,361000000,222000000,1733000000.0,561000000,13043000000.0,2017000000.0,10088000000,6466000000.0,,WM,25986000000.0,2846000000.0,19519000000.0,8568000000
2019-03-31,1730000000.0,380000000,477000000,7152000000.0,1384000000,,6509000000,2701000000,2073000000.0,3786000000.0,,5000000.0,-9279000000.0,893000000,784000000,2349000000.0,892000000,3615000000.0,2911000000.0,23475000000,8526000000.0,,EMR,21071000000.0,6714000000.0,12499000000.0,14878000000
2019-03-31,4081012683.748,70000217.56,188000584.304,21807067776.156,1780005532.2400002,45000139.86,10765033457.62,2527007853.9160004,4459013858.572,7050021911.400001,169000525.25199997,18040036.692858,3730011592.839999,5258016340,6188019232.304,12234038023.272,3017009380,4082012686.856,7593023599.044,20411063437.387997,14495045050.46,1787005553.9959998,ABB,45602141731.01601,17783055269.564,30500094794.0,819002545.452
